Message gốc,Giá thực tế,Dấu hiệu,Ghi chú
"𝘿𝙄𝙉𝙂 𝘿𝙄𝙉𝙂 𝘿𝙀𝙎𝙄𝙂𝙉 • 𝙎𝙎𝟮𝟲

Set áo trễ vai chân váy xếp ly xinh xĩu 💗

• B310 SM",310k,• B310 SM,Size S/M cùng giá 310k
"Áo quây kèm cadigan vạt 

Freesize 
260",260k,"Freesize 
260",Tất cả các size đồng giá 260k
"#077788 bom newww 2026... bản rách có lót túi sau thêu siu sịnnn luôn ce ơiiii✌️chất mềm tone màu siu mướt
🍃sz:SML
💵💵💵sỉ:470",470k,💵💵💵sỉ:470,Giá sỉ 470k
"Thả nhẹ mụt chiếc feedback xinh 
Thanks choosing for us TRANALI ♥️
-------------------------
SET HAI ĐẦM
▪️ Màu sắc : ĐEN - TRẮNG 
▪️ Size : S - M 720",720k,▪️ Size : S - M 720,Size S/M cùng giá 720k
"Áo cardigan em về bảng 9 màu mác Hàn, các bác lựa màu em không biết mệt không chứ em thấy đẹp lựa quá khó rồi 🤣
💰 Sỉ 170",170k,💰 Sỉ 170,Giá đã ghi rõ. Giá sỉ 170k
"Hôm ấy thực sự em đã trót tương tư một người…. 🫰🏻
----------------------------
ĐẦM REN HOA BƯỚM
▪️ Màu sắc : 1 MÀU 
▪️ Size : S - M 850",850k,▪️ Size : S - M 850,Size S/M cùng giá 850k
"“Đừng có tin đàn bà, đàn bà càng đẹp thì càng gạt người ta!  🌙

Mã : ĐẦM ÔM CỔ ĐỔ
💥 SM 670
Màu : Trắng và Đen",670k,💥 SM 670,Size S/M cùng giá 670k
"▫️Rubi GZ #33077
QUẦN JEAN CHỮ ĐINH
🫶🏻 S M L 440",440k,🫶🏻 S M L 440,Size S/M/L cùng giá 440k
"Trà đậm khó uống 
Người thẳng khó gần 😬

🔱 Set bò yếm loang 

Size S/M

B310

🔱 Hàng chuẩn mẫu MPT",310k,B310,Có thêm ký tự B trước giá
Áo khoác da lộn cổ vest ngắn Freesize 430,430k,Freesize 430,Tất cả các size đồng giá 430k
"Đầm body bèo vt
b260 sm",260k,b260 sm,Size S/M cùng giá 260k
"Váy Gấm Hoa Tay Phồng Cúp Ngực Dáng Ôm Siu Hottt🔥

B220sm",220k,B220sm,Size S/M cùng giá 220k
"Qccc❤️hót xỉu em bù

440 sm",440k,440 sm,Size S/M cùng giá 440k
"Chất liệu lụa mềm, mịn, mướt mát lắm ạ 😍

HÀNG NHẬP KHẨU limited chất lượng tuyệt vời lắm  ❤

S270

Free size 45-60kg

MÃ SKU: 11-LEI-0026",270k,S270,Tất cả các size đồng giá 270k
"📍Chân váy da dáng A kèm belt chữ dán mix khóa cao cấp hottrend QC loại 1 e về full màu‼️
• #5883
• màu đen - nâu 
~
• S/M/L 22 ✔️",220k,22 ✔️,Size S/M/L cùng giá 220k
"Thêm 1 mã áo chip su đúc không gọng siêu siêu thoải mái cho ce ạ
Em này quai co giãn tuyệt vời sờ thích lắm luôn ý, quai bản to kéo nâng tốt, nhẹ tênh mặc như không mặc
Fom quả ngang tròn ngực mê lun
B100k/ áo
Size 34-36-38
3 maud : Trắng- Đen- Nud",100k,B100k/ áo,"Có thêm ký tự B trước giá, mỗi áo 100k"
"✨✨✨Thể thao vạch nâu dáng samba về màu hothit 😍 fom dáng đẹp xỉu 

📌Sz: 35-39
📌Fullbox
Mã 240 (Ri ib)",240k,Mã 240,Tuy ghi là Mã nhưng chú ý với case này giá là 240
"Đầm ren mới về🥰
Kem, đen


B300k
S/m",300k,B300k,Có thêm ký tự B trước giá
"▪️Váy body rúm cổ yếm
Chất thun nhúng co giãn 4 chiều - hàng 2 lớp dày dặn
Fom dáng body rúm cả trước sau nên cực kì tôn dáng - điểm nhấn phần eo rúm nhiều giúp V2 gọn gàng lắm ạ
Sz sm
2 màu: đen, trắng
Sỉ: 230k ❤️",230k,Sỉ: 230k ❤️,Giá đã ghi rõ. Giá sỉ 230k
"TRANTRAN NEW ARRIVAL

290",290k,290,Giá đã ghi rõ
"*𝑯𝑩𝑩* ▪️A045
Áo yếm charm bướm full
 
 📌B570k",570k, 📌B570k,Có thêm ký tự B trước giá
"▪️New Collection▪️Váy tiệc ren thêu kimsa xỏ gọng kèm hoa trà.
2 màu: Kem - Be
----------------
Sỉ 500 S/M",500k,Sỉ 500 S/M,Giá đã ghi rõ. Giá sỉ 500K cho size S/M
New Arrivals Set nỉ RalphLaurent 3 màu 430k,430k,430k,Giá đã ghi rõ
"Quần xuông thập 2 túi trước mới về 
Size S M L/ #760
Giá: 300k",300k,Giá: 300k,Giá đã ghi rõ
"🍀🍀🍀🍀🅥🅔̂̀ ​ 🅣🅗🅔̂🅜🍀🍀🍀🍀
Jean ôm cúc vàng hot hittt
Sz: S M L
M: 35109
Trắng : 270
ĐEN + Trắng : 280 🪇🪇🪇",270k / 280k,ĐEN + Trắng : 280 🪇🪇🪇,Giá đã ghi nhưng có thêm icon
"SÉT LEN MIUMIU 2 món
b270",270k,b270,Có thêm ký tự B trước giá
"🍄‍🟫 HÀNG QUẢNG CHÂU MỚI VỀ 🍄‍🟫
          🪹 PUPE.studio 2026 🪹

🤎 Áo trễ vai đan dây da lộn siu sexxy 952
🤎 240k",240k,🤎 240k,Giá đã ghi nhưng có thêm icon
"• 𝜗𝜚 𝗟𝗶𝗟𝗶𝗤𝗶𝗤𝗶 𝜗𝜚
Hàng QC cao cấp  ✨☀️
•Áo AA34:160💰
Nhà em về sẵn các màu🛍️💛",160k,160💰,Giá đã ghi nhưng có thêm icon
"🆕 Áo cổ yếm em mới về 4 màu 

B.180k 💰👚",180k,B.180k 💰👚,Giá đã ghi nhưng có thêm icon
DbD3061 Set len mon kẻ xinh dã man Bassic 550,550k,550,Giá đã ghi rõ
"Váy Body From Cổ Đổ Sóng Phối Tag LV Sang Xỉu Tôn Dáng Lắm Ạ 🤤
3 Màu Đen•Nâu•Be

B:220k•SM",220k,B:220k•SM,Giá đã ghi rõ. Giá sỉ 220K cho size S/M
"Set cúc kaki
Đen/Trắng
Size SM

B230",230k,B230,Có thêm ký tự B trước giá
"Set xước bèo viền ren
b260 sm",260k,b260,Có thêm ký tự B trước giá
"Bạn sẽ chẳng bao giờ biết tôi đã gặp những chuyện tồi tệ gì , vì trông tôi lúc nào cũng nhí nhảnh , hay cười , tiêu tiền giỏi còn hay nghe nhạc remixx nữa cơ mà …

SET BÒ NEWWWW 

B350 SM",350k,B350 SM,Có thêm ký tự B trước giá
"Xinh hết nấc luôn ty ơiii
Xanh sm440
Cốm sm350",440k / 350k,"Xanh sm440
Cốm sm350",Có thêm ký tự sm trước giá. Nghĩa là size S/M đồng giá
"Khăn dạ 65x180 
Sỉ 130k
Sll ib e",130k,Sỉ 130k,Giá đã ghi rõ
"Vạn vật vẫn đều thua câu nói
E hãy làm gì mình thích, a tự khắc biết bảo vệ em 🤎
Áo 330k/ Q240k sm",330k / 240k,Áo 330k/ Q240k,Giá đã ghi rõ. Áo 330k/ Quần 240k
"🦁LION STUDIO❤️
quần umi 1 khuy mã 9101 , hai màu trắng đen ,sml 140k ",140k ,140k ,Giá đã ghi rõ
"Gu của ảnh là đứa con gái biết “Làm ơn“ và “Cám ơn“ 
🧏🏻‍♀️ Dạ: Làm ơn biến đi chỗ khác… Cám ơn !!!!
Set bộ 650k",650k,650k,Giá đã ghi rõ
"Chính chủ hàng nhà em nha các ty
Siêu hot áo da lộn
B: 180k sm.  4 màu Đen_Nâu_Kem_Bò",180k,180k,Giá đã ghi rõ
"Chất liệu cotton mềm lắm ạ 😍

HÀNG NHẬP KHẨU limited chất lượng tuyệt vời lắm  ❤

S235

HÀNG 1 SIZE 45-60kg

MÃ SKU: 21-BB-0184",235k,S235,Có thêm ký tự S trước giá
"❤️JoJo Boutique❤️Gz#7159
              
Áo khoác kiểu crop bo eo 
Chất nỉ cotton xịn 
Chuẩn form bao đẹp 😍 
Free size 💋
36💋",360k,36💋,Giá ghi 36 kèm icon nhưng chú ý rằng sản phẩm thường bán với giá hàng trăm ngàn
"💕💕💕Sục da lộn bản đế độn 7cm về hàng đủ size 2 màu : nâu -kem
👉🏻Hàng Qccc da mềm sụn , êm lắm 
👉🏻Size 35/39
💵M40 full box",400k,💵M40 ,Có thêm ký tự M trước giá
"✨✨✨Cross đế thấp xinh iu về Sticker mới đẹp mê lun 🥰Cái màu bên ngoài nó xinh điên ạ

📌Sz : 6-9
📌Túi zip
Mã 220  (Ri ib)",220k,Mã 220,Giá đã ghi rõ
"Em ơi!! Ở đời có nhiều điều đáng trân quý 
Và em là điều đầu tiên 🥰
🥰🥰

set sz SM
B240k",240k,B240k,Có thêm ký tự B trước giá
"Váy ren trể vai, cv lưới sóng (2 màu kem, đen/ 4 size SML XL)
buôn 270k",270k,270k,Giá đã ghi rõ
"HB B199
Set hot hit cập bếnn
Sm270",270,Sm270,Có thêm ký tự sm trước giá. Nghĩa là size S/M đồng giá
"💕💕💕Xỏ ngón cao cấp về hNg đủ size màu kem
👉🏻Hàng Qcc c đế cao 3cm cực sang
👉🏻Size 35/39
💵'm35 full box",350k,💵'm35,Có thêm ký tự 'm35 trước giá và chú ý rằng sản phẩm thường bán với giá hàng trăm ngàn
"❣️ HÓTT HÓTT❗️❗️❗️ Đáp sẵn ce mềnh ạ !
💥 Chất liệu mỏng mát mặc lên nhẹ tênh luôn ý ! 
Sỉ : 2️⃣8️⃣0️⃣😍
Sl mỗi màu 10 chỉ có : 2️⃣5️⃣0️⃣💋💋",280k / 250k,"Sỉ : 2️⃣8️⃣0️⃣😍
Sl mỗi màu 10 chỉ có : 2️⃣5️⃣0️⃣💋💋","Giá ghi bằng icon, bạn cần dịch icon số ra số thực tế"
"• QCCC • SS2026 
Set chrome 
Áo croptop CH
Chất len tăm xịn lắm luôn
#HG230
Quần da chrome
Dáng xuông đứng chơi lắm 
Sz SML
#HG370",230k / 270k,#HG230 / #HG370,Case này giá sản phẩm giống như mã sản phẩm
"📍Quần Sooc Jeans gân phối khuy hottrend QC loại 1 chất co dãn e về full 3 màu ‼️
•#8802
• Màu đen - trắng - nâu
• S/M/L 20 ✔️",200k,S/M/L 20 ✔️,Giá đã ghi nhưng có thêm icon và chú ý rằng sản phẩm thường bán với giá hàng trăm ngàn